{
  "video_name": "TRAFFIC JAM CTS 1.AVI",
  "processed_at": "2026-02-18T11:04:06.666054",
  "transcript": {
    "text": " Your control is over now. Are you surprised why Newton assumption makes it off a\u3061\u3083\ub2e4\ub294o Est 7? Yeah what do you think about it out of this round? Did Newton intended to keep it hip up? You're trying to drive after two minutes before driving. Does it expect back up? Wouldn't that make sense? Wasn't I really surprised when Newton was driving?",
    "language": "en",
    "segments": [
      {
        "id": 0,
        "seek": 0,
        "start": 0.0,
        "end": 2.6,
        "text": " Your control is over now.",
        "tokens": [
          50364,
          2260,
          1969,
          307,
          670,
          586,
          13,
          50494
        ],
        "temperature": 1.0,
        "avg_logprob": -4.159042040506999,
        "compression_ratio": 1.4439834024896265,
        "no_speech_prob": 0.4974735677242279
      },
      {
        "id": 1,
        "seek": 0,
        "start": 2.6,
        "end": 3.84,
        "text": " Are you surprised why Newton assumption makes it",
        "tokens": [
          50494,
          2014,
          291,
          6100,
          983,
          19541,
          15302,
          1669,
          309,
          50556
        ],
        "temperature": 1.0,
        "avg_logprob": -4.159042040506999,
        "compression_ratio": 1.4439834024896265,
        "no_speech_prob": 0.4974735677242279
      },
      {
        "id": 2,
        "seek": 0,
        "start": 3.84,
        "end": 5.14,
        "text": " off a\u3061\u3083\ub2e4\ub294o Est 7?",
        "tokens": [
          50556,
          766,
          257,
          18930,
          10520,
          78,
          4410,
          1614,
          30,
          50621
        ],
        "temperature": 1.0,
        "avg_logprob": -4.159042040506999,
        "compression_ratio": 1.4439834024896265,
        "no_speech_prob": 0.4974735677242279
      },
      {
        "id": 3,
        "seek": 0,
        "start": 5.14,
        "end": 9.58,
        "text": " Yeah what do you think about it out of this round?",
        "tokens": [
          50621,
          865,
          437,
          360,
          291,
          519,
          466,
          309,
          484,
          295,
          341,
          3098,
          30,
          50843
        ],
        "temperature": 1.0,
        "avg_logprob": -4.159042040506999,
        "compression_ratio": 1.4439834024896265,
        "no_speech_prob": 0.4974735677242279
      },
      {
        "id": 4,
        "seek": 0,
        "start": 9.58,
        "end": 14.18,
        "text": " Did Newton intended to keep it hip up?",
        "tokens": [
          50843,
          2589,
          19541,
          10226,
          281,
          1066,
          309,
          8103,
          493,
          30,
          51073
        ],
        "temperature": 1.0,
        "avg_logprob": -4.159042040506999,
        "compression_ratio": 1.4439834024896265,
        "no_speech_prob": 0.4974735677242279
      },
      {
        "id": 5,
        "seek": 0,
        "start": 14.44,
        "end": 17.1,
        "text": " You're trying to drive after two minutes before driving.",
        "tokens": [
          51086,
          509,
          434,
          1382,
          281,
          3332,
          934,
          732,
          2077,
          949,
          4840,
          13,
          51219
        ],
        "temperature": 1.0,
        "avg_logprob": -4.159042040506999,
        "compression_ratio": 1.4439834024896265,
        "no_speech_prob": 0.4974735677242279
      },
      {
        "id": 6,
        "seek": 0,
        "start": 19.580000000000002,
        "end": 21.92,
        "text": " Does it expect back up?",
        "tokens": [
          51343,
          4402,
          309,
          2066,
          646,
          493,
          30,
          51460
        ],
        "temperature": 1.0,
        "avg_logprob": -4.159042040506999,
        "compression_ratio": 1.4439834024896265,
        "no_speech_prob": 0.4974735677242279
      },
      {
        "id": 7,
        "seek": 0,
        "start": 22.64,
        "end": 25.04,
        "text": " Wouldn't that make sense?",
        "tokens": [
          51496,
          26291,
          380,
          300,
          652,
          2020,
          30,
          51616
        ],
        "temperature": 1.0,
        "avg_logprob": -4.159042040506999,
        "compression_ratio": 1.4439834024896265,
        "no_speech_prob": 0.4974735677242279
      },
      {
        "id": 8,
        "seek": 0,
        "start": 25.1,
        "end": 28.62,
        "text": " Wasn't I really surprised when Newton was driving?",
        "tokens": [
          51619,
          28782,
          380,
          286,
          534,
          6100,
          562,
          19541,
          390,
          4840,
          30,
          51795
        ],
        "temperature": 1.0,
        "avg_logprob": -4.159042040506999,
        "compression_ratio": 1.4439834024896265,
        "no_speech_prob": 0.4974735677242279
      }
    ]
  },
  "scene_analysis": {
    "total_scenes_analyzed": 11,
    "scenes": [
      {
        "frame_index": 0,
        "timestamp": 0.0,
        "objects": [
          {
            "object": "car",
            "confidence": 0.8332445025444031
          },
          {
            "object": "car",
            "confidence": 0.8315150141716003
          },
          {
            "object": "car",
            "confidence": 0.7976956963539124
          },
          {
            "object": "car",
            "confidence": 0.7052739858627319
          },
          {
            "object": "truck",
            "confidence": 0.5660452246665955
          },
          {
            "object": "car",
            "confidence": 0.5164011716842651
          },
          {
            "object": "bus",
            "confidence": 0.4315102696418762
          },
          {
            "object": "car",
            "confidence": 0.2892742455005646
          }
        ]
      },
      {
        "frame_index": 30,
        "timestamp": 1.2,
        "objects": [
          {
            "object": "car",
            "confidence": 0.8275361061096191
          },
          {
            "object": "car",
            "confidence": 0.8052218556404114
          },
          {
            "object": "car",
            "confidence": 0.7952271699905396
          },
          {
            "object": "car",
            "confidence": 0.7053424715995789
          },
          {
            "object": "truck",
            "confidence": 0.6793133020401001
          },
          {
            "object": "car",
            "confidence": 0.38786178827285767
          },
          {
            "object": "car",
            "confidence": 0.30462515354156494
          },
          {
            "object": "car",
            "confidence": 0.26559603214263916
          }
        ]
      },
      {
        "frame_index": 60,
        "timestamp": 2.4,
        "objects": [
          {
            "object": "car",
            "confidence": 0.832632303237915
          },
          {
            "object": "car",
            "confidence": 0.8049905896186829
          },
          {
            "object": "car",
            "confidence": 0.7999932169914246
          },
          {
            "object": "truck",
            "confidence": 0.7119320034980774
          },
          {
            "object": "car",
            "confidence": 0.6696720123291016
          },
          {
            "object": "car",
            "confidence": 0.3510694205760956
          },
          {
            "object": "car",
            "confidence": 0.2914571464061737
          }
        ]
      },
      {
        "frame_index": 90,
        "timestamp": 3.6,
        "objects": [
          {
            "object": "car",