{
  "video_name": "TRAFFIC ROUND ABOUT NAIROBI .AVI",
  "processed_at": "2026-02-18T11:13:07.580971",
  "transcript": {
    "text": " \u039d\u03b1, \u03bd\u03b1 \u03c3\u03c4\u03bf\u03c5\u03c2 \u03ba\u03b1\u03c1\u03bf\u03cd\u03bd. \u039d\u03b1 \u03c0\u03c9 \u03bd\u03b1 \u03c0\u03c9 \u03bd\u03b1 \u03b4\u03b9\u03ac \u03bc\u03bf\u03c5, \u03c3\u03b9\u03bd\u03b5\u03c2 \u03b4\u03b9\u03b1\u03ba\u03b1\u03bc\u03b5\u03b6\u03b9\u03ba\u03ac \u03bd\u03b1... \u0395, \u03b4\u03b5\u03bd \u03b8\u03b1 \u03b1\u03bd\u03c4\u03af\u03c3\u03b5\u03b9\u03c2. \u039d\u03b1 \u03bd\u03b1 \u03c0\u03c9 \u03b4\u03b5 \u03bf\u03b4\u03c1\u03ac\u03b4\u03bf\u03c4\u03bf \u03ba\u03c5\u03c1\u03af\u03b1. \u039d\u03b1 \u03c3\u03ba\u03ad \u03b1\u03bd\u03af\u03bd\u03b5\u03b9. \u03a3\u03c4\u03bf \u03c1\u03b9\u03ba\u03bf\u03bd\u03af\u03b4\u03b9.",
    "language": "el",
    "segments": [
      {
        "id": 0,
        "seek": 0,
        "start": 0.0,
        "end": 2.0,
        "text": " \u039d\u03b1, \u03bd\u03b1 \u03c3\u03c4\u03bf\u03c5\u03c2 \u03ba\u03b1\u03c1\u03bf\u03cd\u03bd.",
        "tokens": [
          50364,
          38854,
          1529,
          11,
          9083,
          5532,
          1781,
          29395,
          14832,
          2805,
          14940,
          2254,
          13,
          50464
        ],
        "temperature": 0.0,
        "avg_logprob": -0.9802772120425576,
        "compression_ratio": 1.6193548387096774,
        "no_speech_prob": 0.6368568539619446
      },
      {
        "id": 1,
        "seek": 0,
        "start": 3.0,
        "end": 4.0,
        "text": " \u039d\u03b1 \u03c0\u03c9 \u03bd\u03b1 \u03c0\u03c9 \u03bd\u03b1 \u03b4\u03b9\u03ac \u03bc\u03bf\u03c5,",
        "tokens": [
          50514,
          38854,
          1529,
          4654,
          5733,
          9083,
          4654,
          5733,
          9083,
          8715,
          26855,
          23449,
          11,
          50564
        ],
        "temperature": 0.0,
        "avg_logprob": -0.9802772120425576,
        "compression_ratio": 1.6193548387096774,
        "no_speech_prob": 0.6368568539619446
      },
      {
        "id": 2,
        "seek": 0,
        "start": 4.0,
        "end": 6.0,
        "text": " \u03c3\u03b9\u03bd\u03b5\u03c2 \u03b4\u03b9\u03b1\u03ba\u03b1\u03bc\u03b5\u03b6\u03b9\u03ba\u03ac \u03bd\u03b1...",
        "tokens": [
          50564,
          5532,
          1835,
          2254,
          16946,
          38744,
          31714,
          9104,
          16008,
          35085,
          9083,
          485,
          50664
        ],
        "temperature": 0.0,
        "avg_logprob": -0.9802772120425576,
        "compression_ratio": 1.6193548387096774,
        "no_speech_prob": 0.6368568539619446
      },
      {
        "id": 3,
        "seek": 0,
        "start": 6.0,
        "end": 7.0,
        "text": " \u0395, \u03b4\u03b5\u03bd \u03b8\u03b1 \u03b1\u03bd\u03c4\u03af\u03c3\u03b5\u03b9\u03c2.",
        "tokens": [
          50664,
          18236,
          11,
          23295,
          18828,
          25715,
          30393,
          3786,
          21878,
          13,
          50714
        ],
        "temperature": 0.0,
        "avg_logprob": -0.9802772120425576,
        "compression_ratio": 1.6193548387096774,
        "no_speech_prob": 0.6368568539619446
      },
      {
        "id": 4,
        "seek": 0,
        "start": 7.0,
        "end": 9.0,
        "text": " \u039d\u03b1 \u03bd\u03b1 \u03c0\u03c9 \u03b4\u03b5 \u03bf\u03b4\u03c1\u03ac\u03b4\u03bf\u03c4\u03bf \u03ba\u03c5\u03c1\u03af\u03b1.",
        "tokens": [
          50714,
          38854,
          1529,
          9083,
          4654,
          5733,
          8715,
          2080,
          11383,
          8385,
          17750,
          8385,
          1800,
          10600,
          4903,
          3226,
          2805,
          13316,
          13,
          50814
        ],
        "temperature": 0.0,
        "avg_logprob": -0.9802772120425576,
        "compression_ratio": 1.6193548387096774,
        "no_speech_prob": 0.6368568539619446
      },
      {
        "id": 5,
        "seek": 0,
        "start": 10.0,
        "end": 11.0,
        "text": " \u039d\u03b1 \u03c3\u03ba\u03ad \u03b1\u03bd\u03af\u03bd\u03b5\u03b9.",
        "tokens": [
          50864,
          38854,
          1529,
          5532,
          4915,
          5554,
          25715,
          10605,
          6452,
          13,
          50914
        ],
        "temperature": 0.0,
        "avg_logprob": -0.9802772120425576,
        "compression_ratio": 1.6193548387096774,
        "no_speech_prob": 0.6368568539619446
      },
      {
        "id": 6,
        "seek": 0,
        "start": 11.0,
        "end": 12.0,
        "text": " \u03a3\u03c4\u03bf \u03c1\u03b9\u03ba\u03bf\u03bd\u03af\u03b4\u03b9.",
        "tokens": [
          50914,
          26408,
          10600,
          40750,
          10073,
          21731,
          3721,
          8385,
          1835,
          13,
          50964
        ],
        "temperature": 0.0,
        "avg_logprob": -0.9802772120425576,
        "compression_ratio": 1.6193548387096774,
        "no_speech_prob": 0.6368568539619446
      }
    ]
  },
  "scene_analysis": {
    "total_scenes_analyzed": 11,
    "scenes": [
      {
        "frame_index": 0,
        "timestamp": 0.0,
        "objects": [
          {
            "object": "person",
            "confidence": 0.8927550911903381
          },
          {
            "object": "bus",
            "confidence": 0.784853458404541
          },
          {
            "object": "car",
            "confidence": 0.7304086685180664
          },
          {
            "object": "bus",
            "confidence": 0.7074955105781555
          },
          {
            "object": "person",
            "confidence": 0.32217106223106384
          }
        ]
      },
      {
        "frame_index": 30,
        "timestamp": 1.2,
        "objects": [
          {
            "object": "car",
            "confidence": 0.8888869881629944
          },
          {
            "object": "person",
            "confidence": 0.8475534915924072
          },
          {
            "object": "person",
            "confidence": 0.8475432991981506
          },
          {
            "object": "car",
            "confidence": 0.6983342170715332
          },
          {
            "object": "car",
            "confidence": 0.6721665859222412
          },
          {
            "object": "car",
            "confidence": 0.5530211329460144
          },
          {
            "object": "truck",
            "confidence": 0.531771719455719
          },
          {
            "object": "car",
            "confidence": 0.4914264380931854
          },
          {
            "object": "traffic light",
            "confidence": 0.3719750940799713
          }
        ]
      },
      {
        "frame_index": 60,
        "timestamp": 2.4,
        "objects": [
          {
            "object": "car",
            "confidence": 0.8821038007736206
          },
          {
            "object": "car",
            "confidence": 0.8617043495178223
          },
          {
            "object": "car",
            "confidence": 0.8562012910842896
          },
          {
            "object": "person",
            "confidence": 0.8349689841270447
          },
          {
            "object": "car",
            "confidence": 0.8345919251441956
          },
          {
            "object": "truck",
            "confidence": 0.7584570646286011
          },
          {
            "object": "car",
            "confidence": 0.6116260886192322
          },
          {
            "object": "chair",
            "confidence": 0.502432107925415
          },
          {
            "object": "traffic light",
            "confidence": 0.3404504060745239
          },
          {
            "object": "traffic light",